{"dac_indices": [120, 124, 125, 126, 127, 130, 131, 132, 133, 134, 135, 140, 141, 142, 143, 144, 145, 146, 147, 148, 149, 150, 151, 156, 157, 158, 159, 160, 161, 162, 163, 164, 165, 166, 167, 172], "sensor_values": [435.3641975308642, 457.54676258992805, 476.15646258503403, 491.51063829787233, 523.6948051948052, 543.3444108761329, 583.6383647798742, 660.8456973293769, 731.5214723926381, 810.0825688073395, 906.1210191082803, 1587.4715568862275, 1697.6156156156155, 1830.625, 1945.6475037821483, 2017.8076335877863, 2130.7275405007363, 2259.257548845471, 2382.283076923077, 2480.29179331307, 2586.857585139319, 2691.154761904762, 2826.8233438485804, 3400.9411764705883, 3498.950151057402, 3624.947619047619, 3736.858044164038, 3778.415625, 3898.7935285053927, 4010.2384737678854, 4115.0, 4163.909785932722, 4274.411497730711, 4379.265625, 4485.373333333333, 4629.858520900321]}